{
	"efficiency_nominal": [0.0121703853955, 0.0243407707911, 0.0304259634888, 0.052738336714, 0.0750507099391, 0.0892494929006, 0.121703853955, 0.233265720081],
	"efficiency_nominal_s4_b5": [0.00223910435826, 0.00437824870052, 0.00791683326669, 0.0127548980408, 0.0210115953619, 0.03168732507, 0.0534986005598, 0.104118352659]
}